price,mileage,age,engine_size,fuel_type,transmission,buy_car
39157,97479,9,2.9523690410599035,electric,automatic,0
16322,31819,4,4.7096913459310485,diesel,automatic,1
9276,147813,17,3.0839655545974285,petrol,automatic,0
17306,127330,14,2.9503937521982437,petrol,automatic,0
39017,13798,19,3.3133164108172166,petrol,automatic,0
32742,161215,7,3.7569189454518077,diesel,manual,0
36600,54695,16,1.4275335003481255,petrol,automatic,0
22629,168819,11,4.284442110966064,petrol,automatic,0
13245,134544,11,2.742020109813037,diesel,manual,0
36414,157254,0,1.2893940395899421,petrol,manual,0
48870,14415,3,4.144730676792852,electric,manual,0
35098,147157,7,2.5077998867450884,electric,automatic,0
15588,151080,0,1.4014699803802158,electric,manual,0
5442,92638,14,3.535116158173002,electric,automatic,0
44744,23452,17,4.520525413734567,electric,manual,0
42443,144192,0,4.551014037655945,electric,automatic,0
16803,115205,10,4.830653899235893,electric,automatic,0
45721,23170,1,4.470821839066752,electric,automatic,0
42145,21259,0,1.008563677381901,electric,automatic,0
15599,27099,11,2.520964665653561,diesel,manual,0
12058,145721,15,4.274170319622012,diesel,manual,0
22206,134394,9,2.465012023993897,electric,automatic,0
16894,64258,17,3.4061940255188246,diesel,manual,0
7939,177109,14,3.425267789498128,diesel,automatic,0
27149,16805,16,2.460101216155292,electric,manual,0
6031,48147,9,4.6178957091251505,electric,manual,1
15208,79280,2,3.0129133815444704,diesel,automatic,1
5562,182125,15,2.859136823750003,electric,automatic,0
48498,111777,5,4.9900549826475835,electric,manual,0
25951,102841,2,2.9740014562904666,electric,automatic,0
33351,129726,8,1.7135930077143242,electric,manual,0
23680,133359,10,3.052277691453752,diesel,manual,0
26586,81215,12,4.25606694207972,petrol,manual,0
14308,117909,17,4.107441307593126,diesel,automatic,0
14609,100365,3,4.154327060433884,petrol,automatic,0
34495,15985,7,3.832095135991647,petrol,manual,0
22675,17391,12,2.016871316266753,petrol,automatic,0
33064,9861,9,4.448336343360926,diesel,automatic,0
13720,199654,1,4.57377386150506,diesel,manual,0
47940,188000,7,1.7766107864741962,diesel,automatic,0
19457,39364,5,1.5218225462055757,diesel,automatic,1
7939,87399,15,4.902419874356449,diesel,manual,0
43203,47923,17,4.473295854601472,petrol,automatic,0
28365,143991,16,4.572944588839787,diesel,manual,0
10392,191968,5,4.545505538497581,petrol,automatic,0
30905,90818,12,3.1667472961349135,diesel,automatic,0
12972,183468,13,3.585606946663199,diesel,manual,0
35653,170912,9,3.1814514085345666,electric,manual,0
31329,178327,10,1.2048253967613163,petrol,automatic,0
24184,76160,12,3.9820123414110906,diesel,manual,0
19799,133165,11,3.021328133343521,diesel,manual,0
20052,144248,8,3.590836299160919,diesel,automatic,0
11044,38529,3,3.010559219902141,electric,manual,1
24871,192478,6,2.967245289289824,petrol,automatic,0
28767,149013,1,1.6871564379110673,diesel,automatic,0
25234,6669,6,2.114854860564596,diesel,manual,0
26381,122373,8,1.6354107677758232,diesel,automatic,0
22274,49859,4,1.7826651825013697,electric,manual,1
27304,60786,14,4.891909521681219,diesel,automatic,0
22572,187155,17,1.6124537830887937,petrol,manual,0
43412,176148,3,2.0770816972208306,petrol,manual,0
30965,25323,18,3.36235863095434,petrol,automatic,0
23384,11021,19,3.4407143049465674,petrol,manual,0
22855,44807,6,1.6158965189753163,diesel,manual,1
22920,133305,7,4.17486970314085,electric,manual,0
21702,55355,16,4.1408114716513005,electric,automatic,0
42921,118415,12,1.9492708168155644,electric,automatic,0
6894,180804,10,2.154665210701842,diesel,manual,0
35985,13711,0,4.751951461837988,electric,manual,0
33287,199151,1,4.302685783917912,petrol,automatic,0
12991,12904,16,3.7911881322500953,diesel,automatic,0
20439,69033,4,1.3289328860424021,electric,automatic,1
34084,91478,5,2.673056323610303,petrol,manual,0
47235,125035,6,3.237207488307308,petrol,automatic,0
32659,191168,14,1.7496451519351077,diesel,manual,0
29976,8093,18,2.792906328432898,diesel,automatic,0
43703,29918,15,3.40410350995476,electric,manual,0
22107,198708,12,2.309506720461597,electric,automatic,0
7329,194878,4,4.123779275801949,electric,manual,0
47095,145466,2,4.361798326555222,diesel,automatic,0
7770,129501,2,2.294437877736283,electric,automatic,0
9846,97510,18,4.354628617969828,electric,manual,0
21651,98708,13,1.41430626441206,petrol,automatic,0
19633,102819,15,4.350916394490625,petrol,automatic,0
18628,149352,16,1.6110017266704664,petrol,automatic,0
5569,41303,3,1.3317086100389042,electric,automatic,1
6973,32453,12,3.567101617764045,diesel,manual,0
40590,113886,7,2.8877494630211773,petrol,manual,0
38038,65695,18,4.6315624016513315,diesel,automatic,0
12641,161837,4,2.452756784363397,electric,manual,0
13930,138412,1,2.1486090537505147,electric,manual,0
11680,43057,14,3.0029396245767934,petrol,manual,0
6257,136669,1,2.823784743074645,diesel,manual,0
13250,194060,10,2.377712184868753,petrol,manual,0
43138,99655,12,3.7749651947933143,electric,automatic,0
33757,20025,9,4.038247335655633,diesel,manual,0
9858,12145,2,4.4119358761205465,petrol,automatic,1
46349,106206,4,4.891426418841371,electric,manual,0
18491,191869,2,2.066624768530018,petrol,automatic,0
30294,46723,5,3.864373929959846,diesel,automatic,0
11908,78230,12,2.577032941982981,diesel,automatic,0
15844,140902,9,3.7083278878044323,diesel,manual,0
42629,160002,18,2.9039267613968813,diesel,manual,0
7911,159824,7,4.975092411071726,diesel,automatic,0
13991,113138,17,3.9156085431629997,petrol,automatic,0
16572,67040,2,4.809965201737298,petrol,manual,1
48066,113668,16,4.339878197924743,petrol,manual,0
34693,60030,7,4.611604044653484,petrol,automatic,0
45004,61815,9,4.257676788858699,electric,manual,0
43333,117789,1,2.8366365215036455,electric,manual,0
22493,171762,11,2.0071538133875375,petrol,manual,0
44697,62923,5,2.481280701802089,electric,manual,0
22634,172644,1,1.0809449305598018,electric,manual,0
29561,190102,2,3.0959726698586687,diesel,manual,0
23033,72904,16,3.020231201081635,petrol,automatic,0
12351,165275,6,3.101001859321953,electric,automatic,0
30921,82088,4,4.896124899888255,electric,automatic,0
24340,10608,0,4.645816013819357,petrol,automatic,1
19901,50667,7,1.646851113320432,diesel,automatic,1
15638,60547,11,2.4755300862235567,petrol,automatic,0
43596,158557,13,2.6958247178530477,diesel,manual,0
26378,145934,15,2.442131671406591,electric,manual,0
49324,133391,9,4.193983854415652,diesel,automatic,0
27820,80948,14,3.0961506794703477,diesel,automatic,0
30060,76880,14,3.2883992678865,petrol,automatic,0
37642,62560,9,4.412054235951702,electric,manual,0
30378,120063,6,4.2237126136614345,petrol,manual,0
13150,99218,2,1.5288460912811987,petrol,manual,1
47875,119462,1,3.855658336334537,electric,manual,0
29059,164487,5,2.741744515608142,petrol,automatic,0
39525,155395,8,2.178595612250002,petrol,automatic,0
23193,189286,9,1.2000752836087454,diesel,automatic,0
48967,22997,3,2.948998241381804,petrol,automatic,0
32801,126266,2,2.4217467228981255,electric,manual,0
31246,193075,8,2.0060521587056033,petrol,manual,0
17807,8679,16,3.77868691838783,diesel,automatic,0
22535,45308,13,4.0779415492623485,petrol,manual,0
10492,175914,9,1.9791580761176992,petrol,manual,0
36357,190010,12,1.197789746717389,petrol,manual,0
11302,10695,11,4.3950108022609395,diesel,manual,0
37314,63499,0,1.0398389648172133,electric,automatic,0
9747,28382,18,4.7484499756858884,electric,manual,0
46170,19235,18,3.5104794959308236,diesel,automatic,0
15686,198295,5,2.287386540805281,diesel,manual,0
42449,138438,12,1.9859116383069448,petrol,manual,0
23891,163539,18,1.036022657057901,electric,automatic,0
41196,195388,12,1.9418856680435086,diesel,automatic,0
34928,117468,3,1.5509132060685644,electric,manual,0
12494,11764,1,3.4486648828925826,petrol,manual,1
41723,118831,14,1.6661823543752052,diesel,automatic,0
34877,66836,11,3.114519350146477,electric,manual,0
32981,36923,6,3.3604656893778833,electric,manual,0
19026,100711,19,2.192166793387658,petrol,automatic,0
25422,21292,17,1.1402597960748748,diesel,manual,0
14244,129913,12,1.1490155224567844,electric,manual,0
38481,137686,16,1.1053893287756704,petrol,manual,0
28644,25939,3,3.956498668546185,electric,manual,0
48848,23800,13,2.2720388192571925,petrol,manual,0
13521,61440,19,4.185200743870654,electric,automatic,0
6746,159318,12,2.7269312953713967,electric,manual,0
22591,132521,2,2.8119924033198553,petrol,automatic,0
31718,188877,17,3.051530410038295,diesel,automatic,0
7696,126327,13,3.8521258255004156,petrol,manual,0
17012,54648,14,2.0940114633188283,diesel,automatic,0
19688,120192,2,1.4863493981341076,electric,manual,0
28457,192923,0,3.224229340765846,electric,automatic,0
10036,167760,16,2.307910492970957,petrol,automatic,0
44895,98498,2,2.7699652546721496,petrol,automatic,0
34960,34764,13,3.5877868333492215,diesel,manual,0
41486,37470,2,2.9765029645650825,diesel,automatic,0
27159,174573,12,3.4811152684033715,diesel,automatic,0
12910,62207,14,3.1768000084545114,petrol,automatic,0
7693,67157,17,3.9591854877443966,electric,manual,0
20858,139288,13,3.82374647084648,petrol,manual,0
33810,158144,2,3.136759567234477,electric,automatic,0
25092,98778,18,3.7156120834388275,petrol,automatic,0
28243,135016,7,4.4942384090904515,petrol,automatic,0
35505,129288,3,2.7290851511526744,diesel,automatic,0
12692,173204,3,2.6510522909951746,electric,manual,0
33555,115573,18,4.05698248340952,petrol,manual,0
11398,125730,10,3.330215348167976,petrol,manual,0
12252,153933,0,1.2840271208903542,electric,automatic,0
16721,69186,7,4.568448062764325,petrol,manual,1
22939,9960,14,1.1231324089505605,electric,automatic,0
16825,23781,0,3.9935854248389724,diesel,automatic,1
30251,36126,6,4.035176570817251,diesel,automatic,0
41955,158650,19,4.812444341127722,electric,manual,0
29151,111034,19,1.216537633609283,diesel,automatic,0
5036,22883,10,3.387427443137964,electric,manual,0
33412,34782,13,2.7113622825082118,petrol,automatic,0
23171,61387,15,2.322531819438168,petrol,manual,0
44051,153051,13,1.3612742411962921,electric,automatic,0
37761,38746,11,3.2506164786852367,petrol,manual,0
20202,71266,16,2.9161629026984546,diesel,automatic,0
13060,5056,13,1.418217832604097,petrol,manual,0
13065,36457,9,3.4499580283883335,petrol,automatic,1
34873,138315,13,3.951812481011754,electric,automatic,0
41648,191103,17,4.069113204214593,diesel,automatic,0
10932,137773,8,4.62149275304971,petrol,manual,0
31470,192453,16,2.6378829675551088,petrol,automatic,0
13328,186510,5,4.812291074488548,electric,automatic,0
11333,78839,7,4.461717620330744,electric,automatic,1
16268,85636,12,2.186006284095756,diesel,manual,0
10067,112697,17,1.637132149397834,petrol,automatic,0
49843,71483,4,2.7415575845120537,electric,automatic,0
22045,25505,5,2.6075948318238664,electric,manual,1
45741,142625,18,3.302877221324817,electric,automatic,0
27770,38525,3,3.333544929310992,diesel,manual,0
47770,101008,6,3.999947937519901,electric,automatic,0
12887,49348,3,3.0395597928224407,diesel,manual,1
38182,12273,10,1.4192905637630622,diesel,manual,0
37370,69236,11,4.433165342212424,petrol,manual,0
44618,139607,13,2.2390583327407483,petrol,automatic,0
29918,154749,12,4.885189841226368,diesel,automatic,0
40497,112157,9,1.4714404347190806,petrol,manual,0
33026,5908,17,4.8330046889300124,petrol,automatic,0
16929,113352,15,1.364047227530068,electric,automatic,0
41665,100967,4,1.9241445517882378,petrol,manual,0
39937,93989,7,1.1863197683461664,diesel,manual,0
18563,40079,13,3.8204525865559797,petrol,manual,0
33546,116889,4,4.401194946287167,electric,manual,0
17888,54323,7,2.7362843272639217,diesel,automatic,1
42338,181392,5,4.714088300169719,petrol,automatic,0
39283,94909,15,3.3611962870223984,diesel,automatic,0
21958,51105,3,3.520028541786093,petrol,automatic,1
17634,166236,11,4.38167680680308,electric,automatic,0
24251,137957,10,2.1872008202073556,petrol,automatic,0
24928,193891,2,2.417062885310503,diesel,manual,0
42245,6049,11,4.623807676778577,diesel,automatic,0
21455,58281,4,4.603853984155055,diesel,automatic,1
32144,48271,5,4.905931104803484,petrol,automatic,0
33013,71697,18,4.607353265766685,petrol,manual,0
26876,41534,17,1.5094881441334436,petrol,manual,0
31962,98034,15,4.294897144547949,electric,automatic,0
33084,63097,10,2.6393539124383762,electric,manual,0
47319,189885,4,4.9632054237837515,electric,manual,0
26143,30037,8,2.8891238573152043,diesel,automatic,0
31091,172079,2,3.2153443300088824,diesel,automatic,0
19179,32278,7,3.119099661027194,diesel,automatic,1
37807,144344,5,2.286948119433111,diesel,manual,0
15222,193255,3,1.3000883555716727,diesel,manual,0
28949,104173,11,4.582604921607674,petrol,automatic,0
21116,43294,11,4.210703250105148,diesel,manual,0
42564,78277,15,1.558107122238677,petrol,manual,0
42374,198581,9,4.107073085400291,electric,manual,0
22667,9694,13,3.50338666420244,electric,automatic,0
13775,63150,12,2.636575151670489,electric,automatic,0
34655,72470,8,2.016084596382251,electric,automatic,0
19193,26556,6,4.43891513400893,electric,automatic,1
19676,185927,11,3.800753037176212,diesel,automatic,0
35776,54086,4,3.1909596378765475,diesel,manual,0
48225,154979,17,3.4382741355938564,diesel,manual,0
22199,184559,3,1.364264728328724,electric,manual,0
20066,165230,1,2.8956790436447677,electric,manual,0
23895,156365,2,1.774801171142808,petrol,manual,0
5246,181833,11,1.8335347160353015,diesel,manual,0
26209,104468,2,3.645215849147467,electric,automatic,0
44284,38387,3,4.645024607337152,electric,automatic,0
21800,176822,5,2.615026441913386,electric,manual,0
28086,73602,11,1.8309970920487615,petrol,automatic,0
25101,157328,18,3.594987748946617,electric,manual,0
21491,141666,9,4.484748185401271,petrol,manual,0
32207,7460,0,3.9932752044899633,petrol,automatic,0
46798,77356,16,4.475028922146349,diesel,automatic,0
25897,59698,15,3.1462186840431974,electric,manual,0
34492,106746,8,4.0075049774767635,petrol,automatic,0
6421,21191,8,1.5602582374357459,electric,manual,1
37015,89631,8,2.393098461452766,diesel,manual,0
17970,15529,11,2.5581966579260897,diesel,manual,0
12283,37175,8,3.0451829849841383,petrol,manual,1
33488,22675,14,4.716305441027295,diesel,manual,0
20945,179230,1,4.497186240888697,diesel,automatic,0
5255,51798,10,1.5381019691567381,diesel,manual,0
16019,75910,10,1.6911586075298528,electric,automatic,0
20487,135400,7,2.4305621983556454,electric,manual,0
46797,162048,5,2.1629754635626957,petrol,automatic,0
24346,199188,19,3.459083812625049,petrol,manual,0
40050,83678,6,4.61110419105818,diesel,automatic,0
13744,67821,2,4.849166166690347,diesel,manual,1
29756,17204,7,3.614411810140906,petrol,manual,0
22861,191737,17,4.352636805604346,diesel,automatic,0
30146,12394,16,3.1008088009231884,petrol,automatic,0
47687,69814,10,1.8333077874401589,electric,automatic,0
26976,38593,1,3.0987536483739095,diesel,automatic,0
5591,178036,18,3.2203304057506044,diesel,automatic,0
11277,120064,6,3.9698302568542263,diesel,automatic,0
7260,58365,17,1.8795319588293964,electric,manual,0
48907,136515,7,2.473241528346927,electric,manual,0
5347,164252,13,2.456109876858265,diesel,manual,0
29741,184863,6,4.83775838296466,petrol,automatic,0
42211,179737,3,2.7757798413068757,electric,automatic,0
48856,108700,16,4.020375869192586,diesel,automatic,0
46542,102077,4,4.003245525497756,diesel,manual,0
11869,139537,11,2.0621767392129655,electric,automatic,0
33082,73247,8,3.2874787574869284,petrol,manual,0
27080,187631,19,4.577211573274592,diesel,automatic,0
33979,161270,12,2.9007908778277978,petrol,automatic,0
24422,59740,17,4.780470029370184,petrol,automatic,0
40613,158560,19,1.8578329172966463,electric,manual,0
27993,174587,8,1.296636423096123,diesel,automatic,0
17386,32898,3,4.565815492578997,diesel,manual,1
39033,137991,7,4.390724791848866,petrol,automatic,0
17938,186142,0,4.970359503735379,electric,automatic,0
16159,67613,16,3.7175739524497042,electric,automatic,0
7274,101707,8,4.746751706668598,electric,automatic,0
23854,116777,19,4.307796100336443,petrol,manual,0
36815,52003,12,4.377705332480348,petrol,automatic,0
15482,53478,1,3.276566281817073,diesel,manual,1
23961,150506,12,2.5294583916668434,electric,automatic,0
25044,182318,8,4.738232290173127,petrol,automatic,0
38836,172721,19,2.728468702463578,electric,automatic,0
26975,64030,5,3.1552774689986762,petrol,manual,0
19706,189133,0,2.784457228500751,diesel,automatic,0
10974,138071,4,3.2592732558407884,electric,manual,0
15928,150921,2,2.8820203159693087,petrol,manual,0
26213,57800,3,1.1918702343179035,electric,automatic,0
6950,10445,0,4.528192744030795,petrol,manual,1
24477,154112,13,2.777575275663079,petrol,automatic,0
15411,5246,8,3.355774594029395,petrol,manual,1
26695,36153,3,1.5567512110319481,electric,manual,0
22771,10212,17,1.0135513919305565,petrol,manual,0
9274,139411,13,1.9811603745745718,diesel,manual,0
40053,61238,3,3.818344128533401,electric,automatic,0
12045,155466,9,1.3967781204515144,diesel,manual,0
34714,58871,2,4.635549761545871,diesel,automatic,0
39386,105672,6,1.8600902774247383,electric,manual,0
48747,39607,9,1.8183744571671032,petrol,automatic,0
13562,57055,12,1.726031846485982,diesel,automatic,0
32759,109509,3,1.055926851885459,electric,manual,0
17026,140467,17,4.087221873912938,petrol,manual,0
45611,132378,10,4.500138124981034,electric,automatic,0
36589,151362,3,3.4566508104647955,electric,manual,0
47663,92687,13,1.7527999267194492,electric,manual,0
36738,70078,17,2.141111987763519,petrol,manual,0
31844,139763,7,2.903706789459853,diesel,manual,0
28447,143542,9,4.817383806493203,diesel,manual,0
29879,139913,4,1.9894054872709712,electric,manual,0
16966,107652,6,3.926583615679552,electric,manual,0
22732,68197,11,2.7577928931716813,petrol,manual,0
10289,60773,2,2.191389393440087,electric,manual,1
25012,153848,3,2.823663748088455,electric,automatic,0
23812,123943,9,1.2848268701649301,electric,manual,0
40801,32584,3,4.19474948372145,diesel,manual,0
46628,140372,14,1.9732077119318685,electric,manual,0
45581,8338,9,3.9016484927718817,diesel,manual,0
28092,67601,15,1.273393485792779,petrol,manual,0
30105,141559,14,4.820394224662744,petrol,automatic,0
19294,41282,18,1.7720599416227945,diesel,automatic,0
8621,120447,19,4.530968304828322,diesel,manual,0
37442,100798,18,4.237892838461738,diesel,automatic,0
26699,135963,17,4.871439696325664,diesel,manual,0
7347,113611,11,2.9115626437829984,electric,manual,0
34486,164876,15,3.909589175383806,diesel,automatic,0
22110,145987,0,2.482842628151136,diesel,automatic,0
9923,16158,15,1.7374729520787753,diesel,automatic,0
20611,15547,1,2.7723037317337953,electric,automatic,1
24199,93713,14,1.6629960615538195,electric,automatic,0
14066,7459,6,4.928178491145536,electric,manual,1
41047,164840,0,1.3849859645628655,petrol,manual,0
31754,68146,4,3.3568468938104816,electric,manual,0
41575,108577,9,3.5058554210162236,diesel,automatic,0
29260,186942,3,3.152318171496217,electric,manual,0
21991,112761,13,3.6487435428473343,electric,automatic,0
27553,108727,12,1.4647231000475638,diesel,manual,0
29174,55460,0,3.2200740968211643,electric,automatic,0
26957,87970,15,2.148850284509446,petrol,automatic,0
5634,196889,8,4.760704253204226,electric,manual,0
34881,174319,15,4.048286613758902,petrol,manual,0
17771,20419,18,4.890057928638971,petrol,manual,0
23298,40577,14,1.1502242789607582,petrol,manual,0
19340,7921,13,2.1405327007228347,diesel,automatic,0
38356,140748,19,1.781690346553396,electric,manual,0
40999,185756,9,1.044618349247322,petrol,automatic,0
11351,149535,11,1.9693029209852857,petrol,manual,0
8838,161546,0,3.7151039340817156,electric,manual,0
6973,45935,16,1.9243556885382742,diesel,manual,0
42812,130534,8,3.036013781930473,diesel,manual,0
15247,194668,18,4.5512724598599945,petrol,manual,0
49440,77828,17,3.775031681396301,diesel,automatic,0
36655,128649,6,2.578516279624128,electric,manual,0
48039,94062,8,2.489875755648433,diesel,automatic,0
11683,60152,11,2.822943256033939,electric,manual,0
16244,101491,6,1.7081657642396255,petrol,automatic,0
34058,91569,13,3.5360030696639524,electric,manual,0
44551,77467,14,2.456611276418422,petrol,manual,0
43362,188648,14,4.409461397048174,electric,manual,0
33371,161844,5,4.026210640231265,electric,automatic,0
8822,152435,13,3.44205265636864,diesel,automatic,0
33878,164562,1,2.4568088905980643,electric,manual,0
41157,195076,7,1.8397273266939376,petrol,manual,0
10914,127537,12,4.1046074564224915,electric,manual,0
23164,58806,5,2.945636395964346,petrol,automatic,1
32180,136332,4,1.89900015270943,petrol,manual,0
8688,80992,4,1.7806984601600249,electric,automatic,1
19683,27320,0,1.661603618005436,diesel,manual,1
18080,83971,8,4.1086447848223795,electric,automatic,1
35953,178217,5,1.9159487412012468,electric,automatic,0
14916,199760,19,3.10656905410079,diesel,automatic,0
34677,53581,6,2.806185443892226,petrol,manual,0
32360,98645,8,3.3184435969131356,electric,automatic,0
42805,25754,4,4.508619601484777,diesel,manual,0
18453,74837,13,4.470989560326922,diesel,automatic,0
27703,143279,4,2.8043042872994386,petrol,manual,0
13640,163992,7,1.0614650029388932,diesel,automatic,0
34263,128746,6,2.7057752228572127,petrol,automatic,0
37849,119780,12,3.4247741496965616,electric,manual,0
44046,92081,12,3.231059036392247,diesel,manual,0
21078,29016,7,3.605344423200822,electric,automatic,1
28383,65522,10,1.616302929892334,diesel,automatic,0
20536,125896,17,3.5861403951229303,diesel,manual,0
12410,190140,18,1.730606474975089,electric,automatic,0
20926,117099,5,4.002095922786996,diesel,automatic,0
39248,156174,1,2.35635045305072,electric,manual,0
36159,109429,12,3.8395817335258142,electric,manual,0
47039,6924,10,1.1914623956244283,petrol,manual,0
41366,90015,0,2.6314401023636536,electric,automatic,0
45761,109987,1,3.820138089053331,petrol,automatic,0
34090,59333,16,1.9074820653259765,electric,automatic,0
25567,182171,7,4.18114817918889,diesel,manual,0
48663,193418,1,3.523118932419728,electric,automatic,0
20367,131372,5,3.3502470885991933,diesel,manual,0
45412,186134,4,2.4141954168173485,petrol,manual,0
49716,136378,15,2.9298058815244703,diesel,automatic,0
40367,93495,7,3.3893972039114124,electric,manual,0
10813,74767,18,2.889848455659562,diesel,automatic,0
41621,109332,15,3.7932532957622405,petrol,manual,0
39269,148279,12,2.7347877324278382,diesel,manual,0
46190,44426,19,1.8090927269681214,diesel,manual,0
45318,11336,6,1.855735131204189,electric,automatic,0
42018,117200,15,1.0232150753717644,electric,manual,0
44759,22256,15,2.20383086223469,diesel,automatic,0
21498,185889,11,3.9956705619140784,petrol,manual,0
30989,38719,13,4.176650835350438,diesel,manual,0
42174,47017,17,1.809870168383,petrol,manual,0
30568,50704,17,4.836175987485631,petrol,automatic,0
6041,35013,15,3.009611173920507,petrol,automatic,0
44695,84991,19,4.6679149960740105,diesel,automatic,0
35099,75258,15,3.8270611274465245,petrol,automatic,0
29364,83348,12,3.8897336920896524,diesel,automatic,0
45639,172848,8,1.3401744852242845,petrol,manual,0
44143,15060,8,1.8799645075877227,petrol,manual,0
28482,142727,12,1.0352593331778905,diesel,automatic,0
8676,54923,3,3.86451056190695,electric,automatic,1
26781,83563,8,2.37775315371404,electric,automatic,0
35048,140102,14,4.146610064305387,diesel,automatic,0
8065,94779,13,2.355744879748105,diesel,manual,0
7036,169361,18,4.277335009195444,electric,automatic,0
40814,155811,11,1.522793014993252,electric,automatic,0
21924,104704,5,1.6934926270300328,electric,automatic,0
37844,134157,2,2.363506158335746,diesel,automatic,0
21407,115234,19,2.6339495555290933,petrol,manual,0
26518,66687,15,2.3948112433719135,diesel,manual,0
22059,41491,19,4.054588130092879,electric,automatic,0
28052,77115,16,1.3878055705068588,petrol,manual,0
9267,122935,15,2.4048680785539522,diesel,manual,0
10988,88778,5,4.348959998061837,electric,automatic,1
32974,140853,7,1.267188309048688,diesel,automatic,0
29036,25448,18,4.76937403068543,petrol,manual,0
13680,56550,1,4.945267369088052,electric,manual,1
6485,54294,13,1.3542726953003204,diesel,manual,0
19713,26446,11,2.165090089022948,petrol,manual,0
25043,81579,16,2.4896026641414246,petrol,manual,0
7419,119679,14,4.105565474610904,diesel,automatic,0
41263,90615,17,3.3837072484669353,petrol,manual,0
22140,22101,15,3.5774628019702694,electric,manual,0
48484,33016,12,4.030039291274024,petrol,manual,0
17961,155004,16,1.4719159977481029,diesel,manual,0
48075,180725,7,4.3328378276410495,electric,manual,0
11487,95481,0,3.822479216720576,petrol,manual,1
36110,57802,2,3.309366900785481,petrol,manual,0
47432,12549,15,4.558941339132227,electric,manual,0
21360,161434,1,3.8012254155352285,electric,automatic,0
41843,52842,14,1.8067998505241016,petrol,automatic,0
29882,51539,0,2.718981524302667,electric,manual,0
22502,38717,8,2.976171467742933,diesel,automatic,1
12631,190668,15,1.2208705070016226,petrol,automatic,0
8017,159088,3,4.818550053440223,diesel,automatic,0
25725,191272,11,1.514309043187514,petrol,automatic,0
29762,196359,0,3.7898450689069074,diesel,automatic,0
5784,120042,0,3.0249241443635206,diesel,automatic,0
33020,132922,6,1.1025289995376903,electric,manual,0
43459,97447,17,4.698989903457447,petrol,manual,0
20765,88402,14,4.407347235275733,electric,automatic,0
36127,47607,12,3.097031711615342,electric,manual,0
8196,163693,15,1.915769344557781,petrol,automatic,0
14552,17823,6,1.486491562720377,diesel,manual,1
46300,34986,15,2.4535699177285064,petrol,manual,0
36921,126682,12,2.021713124184362,petrol,manual,0
9746,69325,13,3.026764804025195,petrol,automatic,0
7999,132925,16,4.865637184493716,electric,manual,0
49070,62771,11,3.2998139729185656,petrol,manual,0
20595,59973,19,4.559724223560392,petrol,automatic,0
27063,150762,12,3.603515349983109,petrol,automatic,0
11200,44107,19,2.900986106348802,diesel,manual,0
43164,62888,14,4.4184302509334845,diesel,automatic,0
28377,15956,3,2.88547244069199,diesel,manual,0
18410,91839,1,4.4745126820414445,diesel,manual,1
8598,192299,17,2.166307078303061,electric,automatic,0
15564,172605,1,1.5152522950519525,electric,automatic,0
35898,192306,14,4.421257857451753,petrol,manual,0
25598,106131,18,3.349660655170667,electric,automatic,0
45404,72594,14,4.556369592995841,diesel,manual,0
22862,192973,19,4.751308827969533,petrol,automatic,0
15265,16519,9,1.2145135614857967,petrol,automatic,1
14705,167187,19,3.0038772074354734,diesel,automatic,0
30544,6832,10,2.499858196298117,diesel,automatic,0
19298,177440,9,3.5034335882804686,diesel,automatic,0
37670,118922,4,4.174364788809294,electric,manual,0
47471,110474,8,2.122360863897476,petrol,manual,0
45934,74715,19,3.2271935374926866,diesel,manual,0
11050,76835,18,3.8349143196195983,petrol,automatic,0
48952,78366,12,1.537724331342936,petrol,manual,0
26034,42570,17,4.256267623805067,electric,manual,0
13484,142687,16,3.4244383994118923,petrol,automatic,0
36323,43311,5,4.798149748454607,diesel,automatic,0
25796,95245,9,2.358115676522773,diesel,automatic,0
34069,108187,1,1.4325837693487946,petrol,manual,0
26827,28434,5,3.0260048041477012,petrol,manual,0
40361,91879,12,1.3432430868377554,electric,automatic,0
15315,20739,17,4.878106093296028,diesel,manual,0
31519,71202,6,1.1547398330287661,diesel,manual,0
14107,103580,1,4.0140156044292326,petrol,automatic,0
8869,84599,13,3.100409592568976,petrol,manual,0
20447,169721,4,2.4744826099931547,petrol,automatic,0
32370,183517,17,1.2633686580346186,diesel,manual,0
12971,121770,10,3.488667696694431,petrol,automatic,0
36269,44470,9,3.340881317563821,electric,manual,0
30651,79965,10,2.123533092270399,electric,manual,0
40757,130332,1,4.640886805641248,petrol,automatic,0
28446,184693,14,2.2164400293713475,electric,automatic,0
43108,134681,6,2.7989016423684245,electric,automatic,0
14643,168998,8,3.1750498236746227,electric,automatic,0
8823,119300,4,1.4009275127051444,electric,manual,0
18454,42997,6,4.72864687685453,electric,automatic,1
8932,196012,19,2.4981446098041644,diesel,automatic,0
15220,176796,1,1.3231168554973745,petrol,automatic,0
13554,102805,2,2.54916469470132,electric,automatic,0
7429,167776,1,3.400810188370323,petrol,automatic,0
33208,127202,18,3.0546106872853183,electric,manual,0
12444,164463,3,3.778167896149096,diesel,automatic,0
15510,199363,19,1.2219357682716425,diesel,automatic,0
49045,7526,6,2.1381624410882245,electric,automatic,0
15537,160758,6,4.276922307360409,electric,manual,0
12147,78339,16,1.3195747511654434,electric,manual,0
45399,11574,18,4.421943818783831,diesel,manual,0
8598,13733,15,1.367584368308425,diesel,automatic,0
42097,55290,2,4.337816859566785,petrol,automatic,0
11718,77793,14,2.4431536043149067,diesel,manual,0
47691,41051,13,3.448836253028863,electric,manual,0
18782,20909,14,1.6115484625919927,petrol,automatic,0
5051,82338,13,1.2646748869007234,diesel,automatic,0
21702,78432,6,1.8637528160805403,diesel,automatic,1
15184,33133,2,1.5114152716347822,electric,manual,1
17468,187643,16,2.249623590718527,petrol,automatic,0
27072,84062,9,3.0575329860440807,diesel,automatic,0
20479,186980,14,3.355037854260038,diesel,manual,0
33467,147350,5,4.159472429518972,electric,manual,0
28402,116546,16,3.6249595729934345,petrol,manual,0
12210,56458,16,3.435033300518212,petrol,automatic,0
41724,192854,13,2.6471281099430986,petrol,manual,0
11057,60415,17,2.8952337398405548,petrol,manual,0
35916,59160,4,2.6580833175607244,electric,automatic,0
32268,59399,7,4.3686641202455325,diesel,automatic,0
48978,30298,6,1.9200018101935994,diesel,manual,0
28259,158263,3,1.0228837261678585,petrol,automatic,0
18864,193036,17,3.605279588904957,petrol,manual,0
39293,169164,4,1.8098487345553256,petrol,automatic,0
12043,94407,15,4.560460545239238,diesel,automatic,0
46473,67513,13,4.436185318826624,diesel,manual,0
43893,56097,18,1.3069094877128236,petrol,manual,0
45642,166351,13,1.4255536216563094,electric,manual,0
17529,150476,8,2.980686368986665,diesel,automatic,0
35868,40198,5,3.4368906510774186,diesel,manual,0
31309,54997,16,2.099633349928963,petrol,automatic,0
28284,136639,18,3.8671908667974826,electric,automatic,0
40268,197104,11,3.379664083675486,petrol,manual,0
8464,7179,3,2.2992964389942188,petrol,automatic,1
23643,7019,15,1.1014859521692624,electric,automatic,0
34265,86455,10,4.000601125194071,electric,manual,0
20954,154776,3,1.8590146633003308,electric,automatic,0
28880,154102,16,4.3378949738505135,diesel,automatic,0
24043,131883,7,2.6811610402170207,petrol,manual,0
5255,74445,13,3.3083097705270617,diesel,manual,0
6502,78551,1,4.491794921636007,electric,automatic,1
9656,8420,10,4.454492003679814,diesel,automatic,0
15302,64875,10,2.486078300974293,electric,automatic,0
10430,183725,5,1.8355555708593725,electric,automatic,0
46366,21740,13,4.100584310914378,petrol,manual,0
32425,70263,9,2.7323208144085247,petrol,automatic,0
6860,110789,7,1.7681679742360163,petrol,automatic,0
11158,24465,6,4.617701369268601,diesel,automatic,1
10806,187504,7,1.7924167769643495,petrol,automatic,0
25738,9131,7,1.1032286727649243,electric,manual,0
22106,15652,1,1.0811198950696799,petrol,automatic,1
14474,183219,15,3.489261425817057,diesel,manual,0
21997,52671,8,3.6467002428701214,petrol,manual,1
37599,94342,12,2.2441668202279357,petrol,manual,0
10790,24171,11,2.2800439569882536,petrol,manual,0
15170,191764,16,2.357975660239771,diesel,manual,0
14004,63541,1,3.7206341870355146,electric,automatic,1
47746,14470,12,1.2325351641073143,electric,manual,0
30792,197416,0,4.716465410765302,electric,manual,0
35216,49308,18,1.8900841767097858,petrol,manual,0
12232,186711,10,4.998692820968369,petrol,automatic,0
17674,157398,4,1.686090775148748,diesel,manual,0
21052,140669,0,4.08618582924951,electric,automatic,0
10913,107840,19,1.8936501797185001,petrol,manual,0
32913,166860,12,1.323387206573016,petrol,manual,0
15567,54477,7,4.499733297402596,petrol,automatic,1
43379,113261,5,4.435005036763568,diesel,automatic,0
14432,107466,16,2.6142815697984054,electric,automatic,0
5319,38071,11,3.8095845701617073,diesel,manual,0
29469,197995,0,3.2282637307356685,electric,automatic,0
31490,75560,2,4.411824454694996,electric,automatic,0
25584,193564,13,2.2602238772746177,petrol,automatic,0
9791,167842,7,3.0946895999959407,petrol,automatic,0
36736,81762,10,2.941489484818202,petrol,automatic,0
5329,171471,13,2.415623305027435,petrol,manual,0
13851,193511,7,4.565820258225489,petrol,automatic,0
49078,180487,2,1.663511698650142,electric,manual,0
28126,148641,6,1.5980345580827846,petrol,automatic,0
26300,7369,18,3.3076381412910054,petrol,automatic,0
15164,114963,3,3.629976919939768,diesel,manual,0
29509,5528,15,1.7784770172982607,diesel,manual,0
10703,113806,12,2.5628697690184965,electric,manual,0
32109,166386,19,4.786255371914975,electric,manual,0
48417,107979,18,1.986469690762696,diesel,automatic,0
27554,154119,4,3.6734428084695763,diesel,manual,0
32676,24748,4,3.9605975747903632,petrol,automatic,0
28804,40109,19,2.792514797860638,petrol,automatic,0
41923,18919,3,4.7501039470383315,electric,automatic,0
34802,52498,1,3.946626940875162,diesel,manual,0
29795,60808,12,2.8316983194435914,electric,manual,0
7611,75441,15,3.277340807104376,petrol,manual,0
27075,118843,1,3.7704537737004027,electric,automatic,0
21479,79420,18,3.368760721716873,electric,manual,0
14180,164978,16,4.514790335304303,electric,manual,0
14304,112447,4,2.4275546491216047,petrol,automatic,0
19610,71896,17,2.1995429602232197,electric,manual,0
13437,108431,17,1.8553555579810572,petrol,automatic,0
48118,158018,7,1.1511318722583805,diesel,manual,0
17521,52020,14,1.1720558575202213,electric,manual,0
29028,27161,12,4.480220772437131,electric,manual,0
44328,32738,12,3.7135725856236292,petrol,manual,0
32301,139997,15,3.6421296617459444,electric,manual,0
43015,144535,19,3.458571275739544,petrol,automatic,0
26740,62153,12,4.3968765787764195,electric,manual,0
41845,66009,19,2.92106770266251,diesel,manual,0
26282,92938,1,4.481643314233201,diesel,manual,0
15858,104546,2,2.4377801047289567,diesel,manual,0
49159,177624,14,4.706830017356362,electric,manual,0
48714,61271,18,3.7946279203249604,electric,manual,0
20186,14797,12,2.028708544097709,diesel,manual,0
39185,91130,4,3.2563396867545005,diesel,automatic,0
36194,76942,5,3.1321222459530222,petrol,automatic,0
30230,123065,13,1.5515952869213359,petrol,manual,0
32018,18965,3,3.3649716230024564,diesel,automatic,0
29665,18733,18,2.259142494867832,diesel,manual,0
46722,189295,6,1.2093950672384097,electric,automatic,0
45159,132182,3,4.7946246308262594,diesel,manual,0
49132,162998,1,3.565961476257151,petrol,manual,0
48139,164855,6,4.507675727483388,petrol,automatic,0
26516,88360,2,3.7042240200530125,petrol,manual,0
40272,172466,14,2.4279347685604518,petrol,automatic,0
29673,113378,0,3.0507522893152457,petrol,manual,0
10239,33287,1,3.7029870413887083,petrol,manual,1
31415,87104,9,4.84100930080575,diesel,manual,0
42888,166508,15,2.014677836486786,petrol,manual,0
32195,91916,14,4.499908234496471,petrol,automatic,0
44161,8188,14,4.696311221177078,petrol,manual,0
34323,96205,13,3.681662058635826,petrol,automatic,0
39964,102349,13,4.725066509605352,diesel,automatic,0
41234,142837,5,2.591514349909474,electric,manual,0
35763,187698,13,4.812064704161771,electric,manual,0
39674,146879,16,3.8111315086638995,electric,automatic,0
23105,15204,17,1.1680230696752476,electric,automatic,0
49651,194016,19,4.627491327276211,petrol,manual,0
34739,47120,18,2.9378912361327703,electric,automatic,0
36969,107903,16,2.8413079391113314,electric,automatic,0
19497,158730,15,3.265866423918537,diesel,automatic,0
6816,42081,7,1.5975381870849117,diesel,manual,1
31483,39986,6,2.8766641942695945,diesel,automatic,0
48481,84322,19,4.324508866870983,petrol,automatic,0
27159,99819,11,1.0619298365500613,petrol,automatic,0
8849,135015,8,2.091668641297485,petrol,automatic,0
26612,55304,13,1.0098183457753769,diesel,manual,0
44617,70592,19,2.6628452365993933,electric,manual,0
38826,63548,0,3.9132620419749387,diesel,automatic,0
49498,103447,9,4.195087316458514,petrol,automatic,0
23706,44986,16,4.780759044508026,diesel,automatic,0
29563,79095,16,3.434018451883146,electric,manual,0
9359,96594,16,2.018507466611582,petrol,manual,0
35669,93281,3,4.696591796546796,electric,automatic,0
17809,71151,16,4.101263015521504,electric,automatic,0
43428,78598,17,3.297713932012578,petrol,manual,0
34454,33214,19,3.782560862875744,electric,automatic,0
12254,43745,1,4.697265420029717,diesel,automatic,1
29785,178620,7,3.8495761138916866,electric,manual,0
7093,146753,12,2.473498030338936,electric,manual,0
49498,143056,19,3.8521128091563868,electric,manual,0
45985,163651,14,1.1611126509415515,diesel,manual,0
37009,95810,19,2.545662247322325,electric,manual,0
21558,191005,8,2.625292127382317,electric,automatic,0
22718,163471,2,1.6673529376833387,diesel,manual,0
21705,167553,2,1.0923419222070807,petrol,manual,0
27082,5944,1,1.5335249465509713,petrol,manual,0
17342,98993,0,3.6184859831882203,petrol,manual,1
17239,14114,13,4.209155265454751,electric,manual,0
37274,44846,16,4.952813970907897,petrol,manual,0
16419,37596,12,2.385454012433977,diesel,automatic,0
47832,109087,18,3.397516889044407,electric,manual,0
20003,11907,14,4.748579867260488,electric,automatic,0
35866,164186,13,1.6681671253526105,electric,automatic,0
26988,30009,1,3.8705823453709707,petrol,manual,0
48027,89846,6,4.019914932596652,petrol,manual,0
29908,55241,16,1.3559021434773535,petrol,automatic,0
10674,171797,17,4.44499754073226,electric,automatic,0
10002,23996,5,4.252420188443375,diesel,automatic,1
32567,142119,7,1.1336120263097378,electric,manual,0
5910,33767,1,1.364337659520206,diesel,automatic,1
34072,21347,0,1.1965075755674093,electric,manual,0
38717,107063,15,2.338974127197449,diesel,manual,0
26809,29102,6,3.0371559627197047,electric,automatic,0
31651,9263,10,3.1293909118185153,electric,manual,0
49291,113585,14,2.0706670390777706,diesel,manual,0
48989,72438,12,4.646387546241097,diesel,automatic,0
21484,101359,1,2.4730511594876528,diesel,automatic,0
9646,166612,13,1.18220062386141,diesel,manual,0
44713,135251,5,2.2009084461655455,diesel,automatic,0
7400,199841,8,3.124437690176622,diesel,manual,0
49331,176915,6,2.632887290352928,diesel,automatic,0
27185,32690,17,2.0953700763970367,diesel,automatic,0
23727,7994,8,1.5252929990572697,electric,automatic,1
38120,108533,3,4.276658000384919,diesel,automatic,0
6018,72546,8,4.9845809684967675,diesel,manual,1
22563,143449,3,2.3181685340955283,electric,automatic,0
10193,83572,11,2.5264841767064157,electric,manual,0
20701,31467,3,3.472150098707828,petrol,manual,1
8536,136120,19,3.8737658989421653,petrol,automatic,0
49610,173050,13,2.568118139214365,diesel,automatic,0
23886,52606,6,4.619718067927261,diesel,automatic,1
41587,103112,12,3.2400159569156735,petrol,automatic,0
34410,78414,7,2.801560305623724,petrol,automatic,0
38744,98145,4,3.5866910126396205,diesel,manual,0
43665,185294,11,4.811215392996693,petrol,automatic,0
20957,53115,12,4.178209177686822,diesel,manual,0
37875,94606,19,1.1600525221404974,electric,manual,0
6626,45647,13,2.3292396429598385,electric,manual,0
30279,59607,17,2.882178739804891,petrol,manual,0
11229,193482,19,2.258070288836421,electric,automatic,0
11877,26996,3,3.800750243321826,electric,automatic,1
38642,190993,17,4.305076599450324,electric,manual,0
43311,88697,6,3.9253803807410863,electric,manual,0
37356,51022,14,4.957333147313101,diesel,automatic,0
8809,45148,5,2.0901905915721164,diesel,manual,1
48371,72764,15,4.499957980097686,petrol,automatic,0
39875,96901,19,4.066490660697944,electric,manual,0
49513,95724,7,2.4487150302325844,electric,automatic,0
14465,129766,15,3.9364981746278747,electric,manual,0
5559,13888,15,1.4163038256729878,petrol,manual,0
13308,175231,2,4.15733392936221,diesel,manual,0
26353,178269,16,3.1293224103484105,electric,automatic,0
20250,103941,8,2.1691606908370127,diesel,automatic,0
40814,160546,2,3.6231092071367206,petrol,automatic,0
21427,22333,19,3.566479994857636,diesel,manual,0
38276,41355,6,1.8379448908783989,electric,manual,0
11107,134686,17,1.1215896592461045,diesel,manual,0
18476,167217,11,2.7344903476066955,diesel,manual,0
8439,108170,18,3.278047477377685,petrol,manual,0
25312,80675,15,4.506421113482394,petrol,manual,0
26795,185926,16,4.712867182590378,petrol,automatic,0
18136,72664,19,3.1152208726270656,petrol,automatic,0
19167,91153,14,4.015213935074179,diesel,automatic,0
22300,98616,0,2.7572130893119877,diesel,manual,1
22182,40285,1,3.984328626291572,petrol,automatic,1
9971,153605,7,1.8192060997566677,petrol,manual,0
31909,168696,1,2.4842589392141257,electric,manual,0
24659,51996,18,3.536911995254459,electric,automatic,0
36403,51947,8,1.0726318624283153,petrol,manual,0
38586,164028,8,3.889845241355816,diesel,manual,0
15360,56030,12,4.342142005072667,petrol,manual,0
26424,194669,5,2.5965666443758058,diesel,manual,0
37499,47443,14,2.7917696687086573,diesel,manual,0
49695,133344,18,4.4051288488661235,electric,automatic,0
8065,70464,14,4.102618541304134,petrol,automatic,0
8259,133019,17,2.1525979561335,petrol,manual,0
17300,140024,6,2.295904426246156,diesel,manual,0
38370,192952,10,3.7155129295623865,petrol,automatic,0
9295,188273,7,3.252792369792645,electric,automatic,0
32209,125454,5,1.6489182843859878,electric,automatic,0
47751,129444,7,2.2397196369166656,petrol,manual,0
41295,117175,1,4.599933107514616,petrol,automatic,0
25927,47460,18,3.7526977468890537,electric,automatic,0
39579,158868,15,4.943897270742077,petrol,manual,0
49871,167818,6,4.068050119923077,diesel,manual,0
14032,5015,9,4.767897728574361,petrol,automatic,1
32718,54757,11,1.8647542954819016,diesel,manual,0
17877,162029,16,4.0859394992677025,petrol,automatic,0
45731,86541,6,1.0808700805911897,petrol,automatic,0
31666,26292,7,3.6830400868461357,electric,manual,0
46684,127694,6,2.8771291124809655,diesel,manual,0
11766,167948,3,2.3870402876802745,electric,automatic,0
27829,196799,2,4.449617409172356,petrol,manual,0
25221,52046,18,4.417070770630122,electric,manual,0
30102,19817,14,1.0892068195945743,petrol,manual,0
39433,14759,3,3.438020489797724,petrol,manual,0
20932,184504,8,2.4713288972838257,petrol,manual,0
30714,11412,12,2.6626440060017966,diesel,manual,0
44743,193829,17,4.328162956875104,diesel,manual,0
7552,25504,15,2.239359086110713,diesel,automatic,0
19274,113500,0,4.772195242550481,electric,manual,0
34250,13507,3,1.718535305488563,petrol,automatic,0
7808,26050,17,3.650889693472711,electric,manual,0
48858,140892,7,3.688420268055059,electric,automatic,0
20295,143907,19,2.008780645711673,petrol,manual,0
19669,105153,15,2.299002435868808,electric,automatic,0
15523,18587,10,4.339193970319762,petrol,manual,0
18769,62732,19,4.04722101981981,petrol,automatic,0
49645,56921,18,2.3163835212590382,petrol,manual,0
30207,181571,18,3.1358261877397355,petrol,manual,0
40224,122734,17,1.2467211850123818,electric,automatic,0
30557,135104,18,1.834983529594517,electric,automatic,0
43191,142912,10,2.9432822354415964,electric,manual,0
19246,36440,2,1.3438949411168464,diesel,automatic,1
17846,40183,7,4.3733294195677495,electric,automatic,1
42085,101172,19,3.8720248404305915,electric,manual,0
18470,138461,18,4.774534682593979,diesel,automatic,0
18176,191148,9,3.7738676238561086,petrol,manual,0
46881,119515,15,4.761605489048742,petrol,automatic,0
18546,128183,4,3.21805022276386,petrol,manual,0
11805,71299,19,3.4008744442478775,diesel,automatic,0
21788,120503,8,4.9078842185050435,electric,manual,0
34348,44023,7,3.5685165874570415,electric,manual,0
13080,186101,10,1.1231462754429864,electric,automatic,0
40886,44941,15,3.895211106522093,electric,automatic,0
28764,190022,6,4.621874768549663,diesel,manual,0
11630,126677,14,4.182320999177307,electric,manual,0
38333,81054,19,3.3353330905016905,petrol,automatic,0
20701,70363,16,3.6852140523740653,diesel,automatic,0
19859,66742,5,4.960767157006687,diesel,automatic,1
26183,50215,14,1.3626483540373533,petrol,automatic,0
45438,52857,7,3.668979314532958,petrol,automatic,0
36749,60476,6,2.1335907782823753,electric,automatic,0
36887,164245,1,3.5603615863446803,petrol,manual,0
47244,145467,12,3.430494303535755,diesel,automatic,0
13776,64768,5,1.6138273284326483,diesel,automatic,1
20021,108591,4,1.8269865829609566,diesel,automatic,0
9327,51229,19,3.486518312172854,electric,automatic,0
12614,162711,0,1.5129197892150965,electric,manual,0
6245,116706,17,2.0607235005212914,petrol,manual,0
46011,67583,14,4.34098219095201,electric,manual,0
15355,164996,9,2.3083660240065544,electric,manual,0
38305,131011,2,2.9522406250786517,diesel,automatic,0
34714,35104,4,4.764561340583361,diesel,manual,0
22198,42594,12,1.9085963553477852,petrol,automatic,0
6415,8664,7,2.5585040694320416,diesel,automatic,1
48798,15528,1,3.4258311021741825,electric,manual,0
6652,164262,8,4.021355718015888,petrol,manual,0
48625,197233,16,4.60661354685082,petrol,automatic,0
25446,133404,17,4.661891950294061,diesel,manual,0
23740,37899,12,4.106560297490492,diesel,manual,0
8810,75979,0,1.9133233463732418,diesel,automatic,1
21569,22241,11,1.0992373201702632,petrol,automatic,0
39319,51211,19,2.535095721422495,diesel,automatic,0
18584,68472,19,1.5661954039512933,electric,automatic,0
31783,36346,4,3.8415505897531923,petrol,automatic,0
38529,86196,7,3.644522347302867,diesel,manual,0
17511,109451,14,1.1758865664858194,electric,automatic,0
14471,107908,2,4.346375116523804,electric,automatic,0
11163,178292,5,1.994973065164729,diesel,automatic,0
21065,154014,12,2.728908301964169,electric,manual,0
49654,54167,11,3.6717349418229697,petrol,automatic,0
22920,41373,18,2.7176751474090133,petrol,automatic,0
43969,72143,17,2.7651512111997736,electric,manual,0
24154,125623,0,1.2625119813429615,petrol,automatic,0
45167,115013,6,2.6057741970400152,diesel,automatic,0
25229,7016,11,4.0593915728799335,electric,automatic,0
31997,74110,9,4.660705348746391,petrol,manual,0
26101,182381,11,2.653988548253487,diesel,manual,0
45391,12274,10,2.6943433075163155,diesel,automatic,0
15327,20748,3,3.8105084252946084,petrol,automatic,1
12187,156247,18,4.771088004421106,electric,automatic,0
34685,16826,5,2.068243760957441,diesel,manual,0
39948,88008,8,2.7605768261517474,diesel,manual,0
39728,134288,19,4.183892974209204,diesel,manual,0
42921,170201,9,3.438774277496154,diesel,manual,0
12035,159562,4,1.442345375855819,electric,manual,0
16471,110623,12,3.510930942249063,petrol,manual,0
33460,177507,8,1.7469851383893076,petrol,automatic,0
26071,144592,1,3.0408637363136166,petrol,manual,0
5582,88106,17,3.116413070641754,diesel,automatic,0
31189,197949,0,4.50481344889994,electric,manual,0
20531,155870,11,2.8499770960497526,petrol,automatic,0
21672,59638,9,2.117769688943577,electric,manual,1
45747,74072,1,1.9238653928641263,petrol,automatic,0
25243,72309,8,4.4970075067373445,diesel,automatic,0
8060,165966,1,1.6840434176729135,petrol,automatic,0
18731,199035,13,2.703474243532575,diesel,manual,0
17294,129724,10,1.748692459707788,diesel,manual,0
25719,190639,10,4.0932161604575015,petrol,manual,0
31325,132843,16,2.897490559898476,electric,automatic,0
27597,40326,3,2.404574762227248,diesel,automatic,0
6903,191131,12,2.4443985625058673,electric,automatic,0
19551,10079,6,4.408856826891918,petrol,manual,1
32751,161910,15,3.2150958171777524,diesel,manual,0
29278,126412,0,3.8714714045250544,electric,automatic,0
30653,92340,12,4.588154065002739,diesel,manual,0
20141,183181,0,4.606966704162568,petrol,manual,0
7377,90211,10,2.3140362173514526,diesel,manual,0
38615,161666,5,4.809805052585541,petrol,manual,0
32452,47749,19,1.0995035280584218,electric,automatic,0
27725,172364,2,2.5073422440646627,diesel,manual,0
14524,123192,11,4.583195430035366,electric,manual,0
16698,79534,4,2.0985475192679317,petrol,automatic,1
48339,84233,8,2.0923258012852735,petrol,automatic,0
26175,56818,11,2.210489140327555,electric,manual,0
17314,116910,9,3.449253539387689,electric,manual,0
49197,18429,18,2.753331102457415,petrol,manual,0
7365,62748,4,3.9069393454133703,electric,manual,1
37017,53807,4,4.579642570258663,petrol,automatic,0
37126,12140,8,3.6967974997714426,electric,automatic,0
48372,68226,19,1.817866880790302,petrol,automatic,0
49134,150973,16,4.730727609442009,petrol,manual,0
42823,93815,9,2.057971493389914,diesel,manual,0
10622,33525,0,1.5995771813126325,petrol,automatic,1
35540,25491,15,1.3598691154438436,petrol,manual,0
45551,171052,14,3.2535349626646624,diesel,automatic,0
6949,13078,16,1.4550498499226072,diesel,automatic,0
47800,96654,19,1.555103536450523,electric,automatic,0
36912,134101,12,2.2001219223819866,electric,automatic,0
37161,184776,0,2.1266120387378553,petrol,automatic,0
49387,21997,7,3.416958041328569,electric,automatic,0
21508,136940,4,4.266981117890726,electric,automatic,0
48713,162470,5,4.04539862481157,petrol,manual,0
6919,102356,19,2.049937818865907,diesel,automatic,0
47595,118711,13,1.9812419919439197,diesel,automatic,0
14617,26246,10,4.86316612042787,petrol,manual,0
14732,156633,5,1.0329449663678405,petrol,automatic,0
38298,152326,10,4.518882132240863,petrol,manual,0
45617,39512,12,1.7989140764896199,petrol,automatic,0
11929,62865,11,4.789137292359071,petrol,manual,0
42117,159652,1,2.369229139310079,petrol,manual,0
19456,108393,2,2.7614070955730092,electric,manual,0
49063,77144,3,3.828482455777524,electric,automatic,0
26140,178557,16,3.3506762058930413,electric,manual,0
23185,186693,5,2.2717573188272913,diesel,automatic,0
42924,122363,6,3.215323663471294,petrol,automatic,0
29240,55665,14,3.922827537451545,petrol,automatic,0
26845,186675,10,1.1693397836099684,electric,automatic,0
14228,157110,2,1.0447972210228165,diesel,automatic,0
26686,98542,5,2.8322677562915652,electric,automatic,0
16920,106311,1,1.5273464712140568,petrol,automatic,0
12432,19325,13,3.6573771658588576,petrol,manual,0
49971,171964,8,1.8562098249097367,electric,automatic,0
11189,137825,17,2.731404427182684,electric,automatic,0
33039,154068,18,1.7906837474970758,petrol,manual,0
38910,73811,11,3.193934342996498,electric,automatic,0
35226,181283,12,1.4642138375382756,petrol,manual,0
12614,121737,11,1.092427411149921,electric,manual,0
26224,198892,11,1.2045265524267887,diesel,automatic,0
23013,5824,17,4.81703376606124,petrol,automatic,0
26446,149952,8,1.5691448744437433,diesel,manual,0
44673,122718,16,3.833913012547341,electric,automatic,0
42657,71617,15,1.271704816891305,diesel,manual,0
9839,16517,16,1.4326414089407287,electric,manual,0
41725,157755,7,3.0355050056373387,diesel,automatic,0
35203,152948,10,2.8594837206173747,diesel,manual,0
5557,108068,1,4.806321237759478,diesel,automatic,0
35666,192426,7,4.779341812082949,petrol,automatic,0
42389,120016,11,4.11843457016986,diesel,manual,0
38607,14982,0,3.408407320509399,electric,manual,0
29578,162670,12,2.819841269572044,electric,automatic,0
14243,150711,16,2.4247141373136842,petrol,automatic,0
14596,75210,13,4.788350187902221,petrol,automatic,0
11998,74852,13,3.411635245698742,electric,manual,0
15129,118618,15,3.316290110743978,diesel,automatic,0
5510,14695,16,1.9276044870756595,electric,manual,0
16596,53582,5,1.1867912715404523,petrol,manual,1
17974,36094,6,4.780754319038177,petrol,manual,1
6137,196707,0,2.2549410353786157,electric,automatic,0
32897,27187,14,2.770356093297835,diesel,manual,0
9666,123013,19,1.4585597743428274,diesel,automatic,0
13906,133721,17,4.347697319637168,petrol,manual,0
26818,111683,12,1.1105273314237225,electric,automatic,0
48246,6214,1,4.335963048396386,electric,automatic,0
7654,28940,18,1.5611400511518672,petrol,manual,0
38758,49406,14,4.546256450524608,electric,automatic,0
29204,179553,11,3.9190905493446295,petrol,manual,0
39928,152049,14,1.6586810500292204,diesel,manual,0
35552,180911,17,3.2632719714378724,diesel,manual,0
15336,193946,13,2.250625257420878,electric,manual,0
21206,63414,5,1.7129323956463338,diesel,manual,1
39831,106440,11,4.436728797644434,diesel,manual,0
48563,161610,19,2.6140910660289176,petrol,manual,0
23361,108569,5,2.59417485746153,petrol,automatic,0
46335,192313,8,1.67954669922648,electric,manual,0
13933,65481,3,2.5322627043431147,petrol,manual,1
30816,32740,16,4.4864673853154,electric,automatic,0
20619,68328,1,2.4525148419585436,electric,automatic,1
42687,186715,15,4.806414249999152,petrol,manual,0
